Nome,Cognome,Username,Canale di interazione,Tipo di azione,Data ultima interazione,Età,Località,Comportamento di acquisto,Cronologia di interazione
Ansaldo,Parmitano,@ansaldo582,Facebook,commento,2025-03-23,34,Sermonti lido,ha visualizzato offerta,1 interazione negli ultimi 30 giorni
Arnaldo,Ostinelli,@arnaldo870,Instagram,commento,2025-04-23,29,Marini veneto,ha visualizzato offerta,3 interazioni negli ultimi 30 giorni
Riccardo,Pedroni,@riccardo437,Facebook,risposta a storia,2025-03-28,39,Borgo Gloria terme,ha cliccato ma non acquistato,3 interazioni negli ultimi 30 giorni
Virginia,Verri,@virginia548,Instagram,risposta a storia,2025-04-17,37,Sesto Michelotto,ha cliccato ma non acquistato,2 interazioni negli ultimi 7 giorni
Camillo,Piane,@camillo244,Instagram,commento,2025-04-07,34,Borgo Daria,ha visualizzato offerta,1 interazione negli ultimi 30 giorni
Sylvia,Golgi,@sylvia593,Instagram,risposta a storia,2025-04-25,48,Quarto Flavio,nessuna azione recente,3 interazioni negli ultimi 30 giorni
Gianfrancesco,Napolitano,@gianfrancesco321,Instagram,risposta a storia,2025-04-25,40,San Costanzo,ha visualizzato offerta,nessuna interazione
Bruno,Trapanese,@bruno268,Instagram,risposta a storia,2025-03-13,24,Tullio a mare,ha visualizzato offerta,3 interazioni negli ultimi 30 giorni
Ezio,Gianvecchio,@ezio902,Facebook,messaggio,2025-04-10,32,Settimo Giovanna a mare,nessuna azione recente,2 interazioni negli ultimi 7 giorni
Cristina,Pagliaro,@cristina423,Facebook,commento,2025-03-15,36,Procacci ligure,ha visualizzato offerta,1 interazione negli ultimi 30 giorni
Vincentio,Costanzi,@vincentio407,Instagram,messaggio,2025-03-18,39,San Elvira lido,ha visualizzato offerta,2 interazioni negli ultimi 7 giorni
Romana,Piacentini,@romana929,Instagram,messaggio,2025-03-29,23,Quarto Vanessa a mare,ha cliccato ma non acquistato,3 interazioni negli ultimi 30 giorni
Donatello,Ruggeri,@donatello965,Facebook,commento,2025-03-15,53,Quarto Eleanora veneto,nessuna azione recente,1 interazione negli ultimi 30 giorni
Stefano,Sollima,@stefano774,Facebook,commento,2025-03-18,28,Quarto Marcantonio,nessuna azione recente,1 interazione negli ultimi 30 giorni
Benedetto,Berlusconi,@benedetto860,Instagram,messaggio,2025-04-18,31,Quarto Guarino lido,nessuna azione recente,2 interazioni negli ultimi 7 giorni
Bianca,Monduzzi,@bianca906,Facebook,risposta a storia,2025-04-18,22,Sesto Rosaria del friuli,acquisto recente,nessuna interazione
Rosario,Anguillara,@rosario415,Facebook,messaggio,2025-03-29,45,Quarto Lucia sardo,ha visualizzato offerta,1 interazione negli ultimi 30 giorni
Annunziata,Salgari,@annunziata580,Facebook,commento,2025-04-15,45,Maffei sardo,ha cliccato ma non acquistato,nessuna interazione
Giulietta,Casini,@giulietta931,Instagram,risposta a storia,2025-04-20,31,Alphons salentino,ha visualizzato offerta,2 interazioni negli ultimi 7 giorni
Liana,Capone,@liana229,Facebook,risposta a storia,2025-03-28,35,Quarto Carolina a mare,nessuna azione recente,1 interazione negli ultimi 30 giorni
Fabrizia,Bernetti,@fabrizia633,Facebook,risposta a storia,2025-04-12,31,Quarto Lidia laziale,acquisto recente,nessuna interazione
Greco,Carullo,@greco560,Instagram,commento,2025-04-22,28,Adelasia lido,acquisto recente,3 interazioni negli ultimi 30 giorni
Maria,Fioravanti,@maria841,Instagram,risposta a storia,2025-04-13,26,Benvenuto del friuli,ha cliccato ma non acquistato,nessuna interazione
Mauro,Olivetti,@mauro433,Instagram,messaggio,2025-04-14,54,Quarto Amedeo salentino,nessuna azione recente,3 interazioni negli ultimi 30 giorni
Erika,Bottaro,@erika411,Instagram,risposta a storia,2025-04-24,47,Dalla salentino,acquisto recente,nessuna interazione
Raffaele,Galvani,@raffaele156,Instagram,risposta a storia,2025-04-14,28,Mazzacurati laziale,ha visualizzato offerta,2 interazioni negli ultimi 7 giorni
Fiorenzo,Malaparte,@fiorenzo448,Facebook,commento,2025-04-14,51,Settimo Stella,nessuna azione recente,1 interazione negli ultimi 30 giorni
Ida,Gori,@ida252,Facebook,commento,2025-04-02,53,Orlando nell'emilia,ha visualizzato offerta,1 interazione negli ultimi 30 giorni
Baccio,Rizzo,@baccio347,Instagram,commento,2025-04-10,32,Goldoni lido,acquisto recente,1 interazione negli ultimi 30 giorni
Ugo,Buonauro,@ugo174,Instagram,commento,2025-03-29,50,San Alessia nell'emilia,nessuna azione recente,nessuna interazione
